-- phpMyAdmin SQL Dump
-- version 4.6.2
-- https://www.phpmyadmin.net/
--
-- Host: localhost
-- Generation Time: 2016 年 7 月 18 日 07:26
-- サーバのバージョン： 5.6.31
-- PHP Version: 5.6.22

SET SQL_MODE = "NO_AUTO_VALUE_ON_ZERO";
SET time_zone = "+00:00";

--
-- Database: `alve`
--

--
-- テーブルのデータのダンプ `admins`
--

INSERT INTO `admins` (`id`, `username`, `password`) VALUES
(2, 'admin', '$2y$10$5GSMXS8uAygH46UCF7/i1epYBT3sJHxriscXtph7imgglR9hzLbv2');

--
-- テーブルのデータのダンプ `companies`
--

INSERT INTO `companies` (`id`, `password`, `deleted`, `created`, `modified`, `is_admin`, `company_name`, `url`, `tel`, `email`, `name_kana`, `user_id`) VALUES
(14, '$2y$10$9w0H3ySYKtz4csHUUJWL0uFtkpBsYPU7fIr8nxuwZs0eYg9Wfibrm', NULL, '2016-06-16 05:25:35', '2016-06-16 05:26:44', 0, 'てすと株式会社', 'http://google.com', '08088888888', 'yahagi1989@gmail.com', 'テスト', '0014'),
(15, '$2y$10$wsjZ8llc1..VSpMlmZzJW.uYHre3hU2x5Ahp6S.nzWTeOacESm98a', NULL, '2016-06-17 02:47:24', '2016-06-30 11:25:24', 0, 'イントラックスシステムズ(株)', NULL, NULL, 'mito@intrax.jp', 'イントラックス', '0015'),
(16, '$2y$10$gEGCP6GKC/IXyvXZNDK5ZOHa.Pf3VNCi15KhgI1aqF2mKRDER0tE2', NULL, '2016-06-20 10:21:36', '2016-06-29 02:07:59', 0, '株式会社環境ワーキンググループ', 'http://www.j-valve.or.jp/', '03-3434-1811', 'matsuno@j-valve.or.jp', 'カンキョウワーキンググループ', '0016');



-- テーブルのデータのダンプ `products`
--

INSERT INTO `products` (`id`, `company_id`, `type_id`, `product_name`, `model_number`, `operator_name`, `created`, `modified`, `deleted`, `product_comment`, `product_info_url`, `sales_date`, `operator_department`, `operator_tel`, `latest_fomula`, `published`, `operator_email`, `published_date`) VALUES
(25, 14, 1, 'てすと手動弁', '1234-1234', 'てすと太郎', '2016-06-16 05:28:17', '2016-06-16 05:31:02', NULL, '製品コメント製品コメント製品コメント製品コメント製品コメント製品コメント製品コメント製品コメント製品コメント製品コメント製品コメント製品コメント製品コメント製品コメント', 'https://yahoo.co.jp', '2016-06-01 00:00:00', '製品開発', '0120-123-123', '2016-06-05 00:00:00', 1, 'test@test.com', '2016-06-16 14:30:54'),
(26, 14, 1, 'あdsa', '1212e3', 'save', '2016-06-19 11:38:23', '2016-06-19 11:38:44', NULL, 'adgbadgvd', 'asfava', '2016-06-01 00:00:00', 'asfv', 'asvf', '2016-06-06 00:00:00', 1, 'dfvadf', '2016-06-19 20:38:25'),
(27, 16, 4, 'azbil control valve', 'VYxxx01', '', '2016-06-24 00:15:49', '2016-06-24 00:15:49', NULL, '', '', '2016-06-30 00:00:00', '', '', NULL, 0, '', NULL),
(28, 16, 6, '評価対象電磁弁', 'B5011', 'JVMA事務局', '2016-06-24 04:47:53', '2016-07-08 12:11:30', NULL, '評価対象製品と比較対象製品はいずれも全部品が規格品で構成されているため、「標準部品使用の拡大」の項目の評価は行っていない。', 'http://www.j-valve.or.jp', '2016-06-01 00:00:00', '業務部', '03-3434-1811', '2016-02-29 00:00:00', 1, 'matsuno@j-valve.or.jp', '2016-06-27 12:58:44'),
(29, 16, 17, 'テスト止水栓2', 'TB6974', 'JVMA事務局', '2016-06-29 04:31:45', '2016-07-08 12:12:10', NULL, 'しくみ評価実施日が自動的に表示されるとよい。', 'http://www.j-valve.or.jp', '2016-05-10 00:00:00', '業務部', '03-3434-1811', '2016-06-01 00:00:00', 1, 'matsuno@j-valve.or.jp', '2016-07-08 21:12:10'),
(30, 15, 1, '製品1　手動弁', 'HND001', '伊東　信', '2016-07-04 07:05:14', '2016-07-08 00:47:20', NULL, '製品コメントです', 'www.intrax.jp/hnd001', '2016-07-21 00:00:00', 'システム部', '', '2016-07-14 00:00:00', 0, '', NULL),
(31, 16, 17, 'NABCﾎﾞｰﾙ止水栓', 'N-ABC', '', '2016-07-04 10:47:29', '2016-07-04 10:55:10', '2016-07-04 10:55:23', '', '', '2016-07-04 00:00:00', '', '', NULL, 0, '', NULL),
(32, 16, 17, 'NABCﾎﾞｰﾙ止水栓', 'N-ABC', '', '2016-07-04 10:47:29', '2016-07-04 10:59:35', NULL, '', '', '2016-07-04 00:00:00', '', '', '2016-07-04 00:00:00', 0, '', NULL),
(33, 16, 8, 'ST2', 'ST2', '', '2016-07-05 01:00:11', '2016-07-05 04:07:40', NULL, '', '', NULL, '', '', NULL, 0, '', NULL),
(34, 16, 8, 'ST2', 'ST2', '', '2016-07-05 01:00:11', '2016-07-05 01:00:11', '2016-07-05 01:00:27', '', '', '2016-06-30 00:00:00', '', '', NULL, 0, '', NULL),
(35, 16, 10, '', '', '', '2016-07-06 01:17:52', '2016-07-06 01:17:52', NULL, '', '', NULL, '', '', NULL, 0, '', NULL),
(36, 15, 2, '製品2　調節弁電気式', 'ELC001', '伊東　信', '2016-07-06 09:10:17', '2016-07-08 02:39:56', NULL, 'コメント１\r\n調節弁', 'www.intrax.jp/elc001', '2016-07-13 00:00:00', 'システム部', '03-5823-6260', '2016-07-21 00:00:00', 1, 'mito@intrax.jp', '2016-07-06 18:19:20'),
(37, 16, 1, '黄銅製ゲートバルブ', 'FH<GS101>', '浅井　修', '2016-07-08 06:16:24', '2016-07-08 06:23:59', NULL, '', 'http://www.kitz.co.jp/', '2016-07-14 00:00:00', '技術部', '', NULL, 0, '', NULL),
(38, 16, 14, 'San-ei Test', '9999', 'bb', '2016-07-08 09:08:29', '2016-07-08 09:22:55', NULL, '○○に優れた製品', 'zzz', '2016-07-08 00:00:00', 'cc', '000', '2016-07-06 00:00:00', 1, 'aaa', '2016-07-08 18:22:34'),
(39, 16, 14, 'San-ei Test', '9999', 'bb', '2016-07-08 09:08:29', '2016-07-08 09:08:29', '2016-07-08 09:08:50', '○○に優れた製品', 'zzz', '2016-07-08 00:00:00', 'cc', '000', '2016-07-06 00:00:00', 0, 'aaa', NULL),
(40, 16, 15, '', '', '', '2016-07-12 05:55:17', '2016-07-12 05:55:17', NULL, '', '', NULL, '', '', NULL, 0, '', NULL);


--
-- テーブルのデータのダンプ `evaluations`
--

INSERT INTO `evaluations` (`id`, `product_id`, `compared_product_name`, `created`, `modified`, `deleted`, `update_comment`, `completed`, `compared_model_number`, `compared_url`, `compared_sales_date`) VALUES
(20, 25, '', '2016-06-16 05:28:17', '2016-06-16 05:30:51', 0, NULL, 1, '', '', NULL),
(21, 26, 'sadcafv', '2016-06-19 11:38:23', '2016-06-19 11:38:23', 0, NULL, 1, 'asfvafdv', 'asvav', '2016-06-16 00:00:00'),
(22, 27, 'azbil control valve', '2016-06-24 00:15:49', '2016-06-24 00:15:49', 0, NULL, 0, 'VYxxx00', '', '2011-05-04 00:00:00'),
(23, 28, '比較対象電磁弁', '2016-06-24 04:47:53', '2016-07-08 12:11:30', 0, NULL, 1, 'A5010', 'http://www.j-valve.or.jp', '2010-04-30 00:00:00'),
(24, 29, 'テスト止水栓1', '2016-06-29 04:31:45', '2016-07-08 12:12:00', 0, NULL, 1, 'KNK8893', 'http://www.j-valve.jp/', '2012-06-20 00:00:00'),
(25, 30, '', '2016-07-04 07:05:14', '2016-07-08 00:47:20', 0, NULL, 0, '', '', NULL),
(26, 31, 'ABCﾎﾞｰﾙ止水栓', '2016-07-04 10:47:29', '2016-07-04 10:55:10', 0, NULL, 0, '', '', NULL),
(27, 32, 'ABCﾎﾞｰﾙ止水栓', '2016-07-04 10:47:29', '2016-07-04 10:59:35', 0, NULL, 0, 'ABC', '', NULL),
(28, 33, 'ST1', '2016-07-05 01:00:11', '2016-07-05 04:07:40', 0, NULL, 0, 'ST1', '', NULL),
(29, 34, 'ST1', '2016-07-05 01:00:11', '2016-07-05 01:00:11', 0, NULL, 0, 'ST1', '', '2016-07-05 00:00:00'),
(30, 35, '', '2016-07-06 01:17:52', '2016-07-06 01:17:52', 0, NULL, 0, '', '', NULL),
(31, 36, '', '2016-07-06 09:10:17', '2016-07-08 02:39:49', 0, NULL, 1, '', '', NULL),
(32, 37, '黄銅製ゲートバルブ', '2016-07-08 06:16:24', '2016-07-08 06:23:59', 0, NULL, 0, 'FH', '', '2010-07-14 00:00:00'),
(33, 38, 'old', '2016-07-08 09:08:29', '2016-07-08 09:21:19', 0, NULL, 1, '0000', 'aaa', '2016-07-07 00:00:00'),
(34, 39, 'old', '2016-07-08 09:08:29', '2016-07-08 09:08:29', 0, NULL, 0, '0000', 'aaa', '2016-07-07 00:00:00'),
(35, 40, '', '2016-07-12 05:55:17', '2016-07-12 05:55:17', 0, NULL, 0, '', '', NULL);

--
-- テーブルのデータのダンプ `evaluation_items`
--

INSERT INTO `evaluation_items` (`id`, `evaluation_id`, `head_id`, `created`, `modified`, `deleted`, `value`, `unit_id`, `compared_value`, `other_unit`) VALUES
(571, 20, 29, '2016-06-16 05:30:51', '2016-06-16 05:30:51', NULL, '17', NULL, '0', ''),
(572, 20, 35, '2016-06-16 05:30:51', '2016-06-16 05:30:51', NULL, '26', NULL, '0', ''),
(573, 21, 29, '2016-06-19 11:38:23', '2016-06-19 11:38:23', NULL, '17', NULL, '0', ''),
(574, 21, 35, '2016-06-19 11:38:23', '2016-06-19 11:38:23', NULL, '27', NULL, '0', ''),
(575, 22, 29, '2016-06-24 00:15:49', '2016-06-24 00:15:49', NULL, NULL, NULL, '0', ''),
(576, 22, 35, '2016-06-24 00:15:49', '2016-06-24 00:15:49', NULL, NULL, NULL, '0', ''),
(867, 26, 29, '2016-07-04 10:55:10', '2016-07-04 10:55:10', NULL, NULL, NULL, '0', ''),
(868, 26, 35, '2016-07-04 10:55:10', '2016-07-04 10:55:10', NULL, NULL, NULL, '0', ''),
(879, 27, 5, '2016-07-04 10:59:35', '2016-07-04 10:59:35', NULL, '300', 29, '330', ''),
(880, 27, 6, '2016-07-04 10:59:35', '2016-07-04 10:59:35', NULL, '550', 5, '600', ''),
(881, 27, 7, '2016-07-04 10:59:35', '2016-07-04 10:59:35', NULL, '900', 8, '1000', ''),
(882, 27, 8, '2016-07-04 10:59:35', '2016-07-04 10:59:35', NULL, '900', 4, '1000', ''),
(883, 27, 9, '2016-07-04 10:59:35', '2016-07-04 10:59:35', NULL, '30', 30, '30', ''),
(884, 27, 10, '2016-07-04 10:59:35', '2016-07-04 10:59:35', NULL, '80', 34, '70', ''),
(885, 27, 11, '2016-07-04 10:59:35', '2016-07-04 10:59:35', NULL, '500', 5, '500', ''),
(886, 27, 15, '2016-07-04 10:59:35', '2016-07-04 10:59:35', NULL, '5000', 0, '4000', ''),
(887, 27, 29, '2016-07-04 10:59:35', '2016-07-04 10:59:35', NULL, NULL, NULL, '0', ''),
(888, 27, 35, '2016-07-04 10:59:35', '2016-07-04 10:59:35', NULL, NULL, NULL, '0', ''),
(891, 29, 29, '2016-07-05 01:00:11', '2016-07-05 01:00:11', NULL, NULL, NULL, '0', ''),
(892, 29, 35, '2016-07-05 01:00:11', '2016-07-05 01:00:11', NULL, NULL, NULL, '0', ''),
(1133, 28, 4, '2016-07-05 04:07:40', '2016-07-05 04:07:40', NULL, '80', 25, '80', ''),
(1134, 28, 6, '2016-07-05 04:07:40', '2016-07-05 04:07:40', NULL, '2500', 5, '2700', ''),
(1135, 28, 7, '2016-07-05 04:07:40', '2016-07-05 04:07:40', NULL, '100', 9, '100', ''),
(1136, 28, 9, '2016-07-05 04:07:40', '2016-07-05 04:07:40', NULL, '17', 31, '19', ''),
(1137, 28, 10, '2016-07-05 04:07:40', '2016-07-05 04:07:40', NULL, '94', 34, '63', ''),
(1138, 28, 11, '2016-07-05 04:07:40', '2016-07-05 04:07:40', NULL, '100', 5, '100', ''),
(1139, 28, 13, '2016-07-05 04:07:40', '2016-07-05 04:07:40', NULL, '0.5', 0, '0.6', ''),
(1140, 28, 15, '2016-07-05 04:07:40', '2016-07-05 04:07:40', NULL, '10', 35, '6', ''),
(1141, 28, 16, '2016-07-05 04:07:40', '2016-07-05 04:07:40', NULL, '5', 5, '10', ''),
(1142, 28, 17, '2016-07-05 04:07:40', '2016-07-05 04:07:40', NULL, '1', 0, '1', ''),
(1143, 28, 18, '2016-07-05 04:07:40', '2016-07-05 04:07:40', NULL, '59', 0, '58', '%'),
(1144, 28, 19, '2016-07-05 04:07:40', '2016-07-05 04:07:40', NULL, '100', 34, '64', ''),
(1145, 28, 20, '2016-07-05 04:07:40', '2016-07-05 04:07:40', NULL, '8', 39, '10', ''),
(1146, 28, 21, '2016-07-05 04:07:40', '2016-07-05 04:07:40', NULL, '59', 34, '21', ''),
(1147, 28, 22, '2016-07-05 04:07:40', '2016-07-05 04:07:40', NULL, '10', 34, '10', ''),
(1148, 28, 23, '2016-07-05 04:07:40', '2016-07-05 04:07:40', NULL, '16', NULL, '0', ''),
(1149, 28, 25, '2016-07-05 04:07:40', '2016-07-05 04:07:40', NULL, '5', 30, '2', ''),
(1150, 28, 26, '2016-07-05 04:07:40', '2016-07-05 04:07:40', NULL, '18', NULL, '0', ''),
(1151, 28, 27, '2016-07-05 04:07:40', '2016-07-05 04:07:40', NULL, '1', 0, '1', ''),
(1152, 28, 28, '2016-07-05 04:07:40', '2016-07-05 04:07:40', NULL, '18', NULL, '0', ''),
(1153, 28, 29, '2016-07-05 04:07:40', '2016-07-05 04:07:40', NULL, '17', NULL, '0', ''),
(1154, 28, 30, '2016-07-05 04:07:40', '2016-07-05 04:07:40', NULL, '18', NULL, '0', ''),
(1155, 28, 32, '2016-07-05 04:07:40', '2016-07-05 04:07:40', NULL, '18', NULL, '0', ''),
(1156, 28, 33, '2016-07-05 04:07:40', '2016-07-05 04:07:40', NULL, '18', NULL, '0', ''),
(1157, 28, 34, '2016-07-05 04:07:40', '2016-07-05 04:07:40', NULL, '18', NULL, '0', ''),
(1158, 28, 35, '2016-07-05 04:07:40', '2016-07-05 04:07:40', NULL, '27', NULL, '0', ''),
(1159, 30, 3, '2016-07-06 01:17:52', '2016-07-06 01:17:52', NULL, '21', NULL, '0', ''),
(1160, 30, 5, '2016-07-06 01:17:52', '2016-07-06 01:17:52', NULL, '2', 28, '5', ''),
(1161, 30, 29, '2016-07-06 01:17:52', '2016-07-06 01:17:52', NULL, NULL, NULL, '0', ''),
(1162, 30, 35, '2016-07-06 01:17:52', '2016-07-06 01:17:52', NULL, NULL, NULL, '0', ''),
(1184, 25, 4, '2016-07-08 00:47:20', '2016-07-08 00:47:20', NULL, '100', 25, '80', ''),
(1185, 25, 5, '2016-07-08 00:47:20', '2016-07-08 00:47:20', NULL, '', 25, '', ''),
(1186, 25, 29, '2016-07-08 00:47:20', '2016-07-08 00:47:20', NULL, NULL, NULL, '0', ''),
(1187, 25, 35, '2016-07-08 00:47:20', '2016-07-08 00:47:20', NULL, NULL, NULL, '0', ''),
(1223, 31, 1, '2016-07-08 02:39:49', '2016-07-08 02:39:49', NULL, '80', 25, '100', ''),
(1224, 31, 2, '2016-07-08 02:39:49', '2016-07-08 02:39:49', NULL, '25', 25, '50', ''),
(1225, 31, 29, '2016-07-08 02:39:49', '2016-07-08 02:39:49', NULL, '17', NULL, '0', ''),
(1226, 31, 35, '2016-07-08 02:39:49', '2016-07-08 02:39:49', NULL, '26', NULL, '0', ''),
(1234, 32, 5, '2016-07-08 06:23:59', '2016-07-08 06:23:59', NULL, '180', 26, '200', '加工負荷低減'),
(1235, 32, 6, '2016-07-08 06:23:59', '2016-07-08 06:23:59', NULL, '82', 5, '84', ''),
(1236, 32, 7, '2016-07-08 06:23:59', '2016-07-08 06:23:59', NULL, '200', 8, '210', ''),
(1237, 32, 9, '2016-07-08 06:23:59', '2016-07-08 06:23:59', NULL, '10', 30, '10', ''),
(1238, 32, 29, '2016-07-08 06:23:59', '2016-07-08 06:23:59', NULL, '18', NULL, '0', ''),
(1239, 32, 35, '2016-07-08 06:23:59', '2016-07-08 06:23:59', NULL, NULL, NULL, '0', ''),
(1248, 34, 3, '2016-07-08 09:08:29', '2016-07-08 09:08:29', NULL, '21', NULL, '0', 'ああああああああ'),
(1249, 34, 4, '2016-07-08 09:08:29', '2016-07-08 09:08:29', NULL, '9', 25, '10', ''),
(1250, 34, 5, '2016-07-08 09:08:29', '2016-07-08 09:08:29', NULL, '4', 25, '5', ''),
(1251, 34, 6, '2016-07-08 09:08:29', '2016-07-08 09:08:29', NULL, '90', 5, '100', ''),
(1252, 34, 7, '2016-07-08 09:08:29', '2016-07-08 09:08:29', NULL, '9', 7, '10', ''),
(1253, 34, 8, '2016-07-08 09:08:29', '2016-07-08 09:08:29', NULL, '3', 2, '4', ''),
(1254, 34, 29, '2016-07-08 09:08:29', '2016-07-08 09:08:29', NULL, NULL, NULL, '0', ''),
(1255, 34, 35, '2016-07-08 09:08:29', '2016-07-08 09:08:29', NULL, NULL, NULL, '0', ''),
(1449, 33, 3, '2016-07-08 09:21:19', '2016-07-08 09:21:19', NULL, '21', NULL, '0', 'ああああああああ'),
(1450, 33, 4, '2016-07-08 09:21:19', '2016-07-08 09:21:19', NULL, '9', 25, '10', ''),
(1451, 33, 5, '2016-07-08 09:21:19', '2016-07-08 09:21:19', NULL, '4', 25, '5', ''),
(1452, 33, 6, '2016-07-08 09:21:19', '2016-07-08 09:21:19', NULL, '90', 5, '100', ''),
(1453, 33, 7, '2016-07-08 09:21:19', '2016-07-08 09:21:19', NULL, '9', 7, '10', ''),
(1454, 33, 8, '2016-07-08 09:21:19', '2016-07-08 09:21:19', NULL, '3', 2, '4', ''),
(1455, 33, 9, '2016-07-08 09:21:19', '2016-07-08 09:21:19', NULL, '25', 30, '30', ''),
(1456, 33, 10, '2016-07-08 09:21:19', '2016-07-08 09:21:19', NULL, '10', 34, '12', ''),
(1457, 33, 11, '2016-07-08 09:21:19', '2016-07-08 09:21:19', NULL, '9', 2, '10', ''),
(1458, 33, 12, '2016-07-08 09:21:19', '2016-07-08 09:21:19', NULL, '30', NULL, '0', ''),
(1459, 33, 13, '2016-07-08 09:21:19', '2016-07-08 09:21:19', NULL, '3', 14, '4', ''),
(1460, 33, 14, '2016-07-08 09:21:19', '2016-07-08 09:21:19', NULL, '4', NULL, '5', ''),
(1461, 33, 15, '2016-07-08 09:21:19', '2016-07-08 09:21:19', NULL, '9', 35, '10', ''),
(1462, 33, 16, '2016-07-08 09:21:19', '2016-07-08 09:21:19', NULL, '3', 2, '3', ''),
(1463, 33, 17, '2016-07-08 09:21:19', '2016-07-08 09:21:19', NULL, '2', 2, '2', ''),
(1464, 33, 18, '2016-07-08 09:21:19', '2016-07-08 09:21:19', NULL, '1', 30, '1', ''),
(1465, 33, 19, '2016-07-08 09:21:19', '2016-07-08 09:21:19', NULL, '33', 34, '3', ''),
(1466, 33, 20, '2016-07-08 09:21:19', '2016-07-08 09:21:19', NULL, '2', 35, '2', ''),
(1467, 33, 21, '2016-07-08 09:21:19', '2016-07-08 09:21:19', NULL, '3', 34, '3', ''),
(1468, 33, 22, '2016-07-08 09:21:19', '2016-07-08 09:21:19', NULL, '2', 34, '2', ''),
(1469, 33, 23, '2016-07-08 09:21:19', '2016-07-08 09:21:19', NULL, '15', NULL, '0', ''),
(1470, 33, 24, '2016-07-08 09:21:19', '2016-07-08 09:21:19', NULL, '2', 35, '2', ''),
(1471, 33, 25, '2016-07-08 09:21:19', '2016-07-08 09:21:19', NULL, '3', 30, '3', ''),
(1472, 33, 26, '2016-07-08 09:21:19', '2016-07-08 09:21:19', NULL, '20', NULL, '0', ''),
(1473, 33, 27, '2016-07-08 09:21:19', '2016-07-08 09:21:19', NULL, '1', 2, '2', ''),
(1474, 33, 28, '2016-07-08 09:21:19', '2016-07-08 09:21:19', NULL, '18', NULL, '0', ''),
(1475, 33, 29, '2016-07-08 09:21:19', '2016-07-08 09:21:19', NULL, '20', NULL, '0', ''),
(1476, 33, 30, '2016-07-08 09:21:19', '2016-07-08 09:21:19', NULL, '0', NULL, '0', ''),
(1477, 33, 31, '2016-07-08 09:21:19', '2016-07-08 09:21:19', NULL, '18', NULL, '0', ''),
(1478, 33, 32, '2016-07-08 09:21:19', '2016-07-08 09:21:19', NULL, '0', NULL, '0', ''),
(1479, 33, 33, '2016-07-08 09:21:19', '2016-07-08 09:21:19', NULL, '17', NULL, '0', ''),
(1480, 33, 34, '2016-07-08 09:21:19', '2016-07-08 09:21:19', NULL, '11', NULL, '12', ''),
(1481, 33, 35, '2016-07-08 09:21:19', '2016-07-08 09:21:19', NULL, '27', NULL, '0', ''),
(1482, 23, 1, '2016-07-08 12:11:30', '2016-07-08 12:11:30', NULL, '50', 25, '55', ''),
(1483, 23, 2, '2016-07-08 12:11:30', '2016-07-08 12:11:30', NULL, '0.8', 27, '0.85', ''),
(1484, 23, 4, '2016-07-08 12:11:30', '2016-07-08 12:11:30', NULL, '100', 25, '101', ''),
(1485, 23, 6, '2016-07-08 12:11:30', '2016-07-08 12:11:30', NULL, '21', 4, '20.9', ''),
(1486, 23, 7, '2016-07-08 12:11:30', '2016-07-08 12:11:30', NULL, '630', 8, '628', ''),
(1487, 23, 8, '2016-07-08 12:11:30', '2016-07-08 12:11:30', NULL, '25', 4, '24.8', ''),
(1488, 23, 9, '2016-07-08 12:11:30', '2016-07-08 12:11:30', NULL, '12', 30, '13', ''),
(1489, 23, 10, '2016-07-08 12:11:30', '2016-07-08 12:11:30', NULL, '87.5', 34, '86.8', ''),
(1490, 23, 13, '2016-07-08 12:11:30', '2016-07-08 12:11:30', NULL, '8', 16, '8.1', ''),
(1491, 23, 15, '2016-07-08 12:11:30', '2016-07-08 12:11:30', NULL, '8', 35, '7.5', ''),
(1492, 23, 16, '2016-07-08 12:11:30', '2016-07-08 12:11:30', NULL, '7.6', 4, '7.7', ''),
(1493, 23, 17, '2016-07-08 12:11:30', '2016-07-08 12:11:30', NULL, '2.9', 4, '3', ''),
(1494, 23, 18, '2016-07-08 12:11:30', '2016-07-08 12:11:30', NULL, '4', 30, '4', ''),
(1495, 23, 19, '2016-07-08 12:11:30', '2016-07-08 12:11:30', NULL, '79.9', 34, '78.5', ''),
(1496, 23, 20, '2016-07-08 12:11:30', '2016-07-08 12:11:30', NULL, '5.5', 39, '5.9', ''),
(1497, 23, 21, '2016-07-08 12:11:30', '2016-07-08 12:11:30', NULL, '45', 34, '45.5', ''),
(1498, 23, 22, '2016-07-08 12:11:30', '2016-07-08 12:11:30', NULL, '40', 34, '39.8', ''),
(1499, 23, 23, '2016-07-08 12:11:30', '2016-07-08 12:11:30', NULL, '14', NULL, '0', ''),
(1500, 23, 24, '2016-07-08 12:11:30', '2016-07-08 12:11:30', NULL, '8', 39, '8.4', ''),
(1501, 23, 25, '2016-07-08 12:11:30', '2016-07-08 12:11:30', NULL, '4', 30, '5', ''),
(1502, 23, 26, '2016-07-08 12:11:30', '2016-07-08 12:11:30', NULL, '18', NULL, '0', ''),
(1503, 23, 27, '2016-07-08 12:11:30', '2016-07-08 12:11:30', NULL, '21', 2, '21.2', ''),
(1504, 23, 28, '2016-07-08 12:11:30', '2016-07-08 12:11:30', NULL, '19', NULL, '0', ''),
(1505, 23, 29, '2016-07-08 12:11:30', '2016-07-08 12:11:30', NULL, '18', NULL, '0', ''),
(1506, 23, 30, '2016-07-08 12:11:30', '2016-07-08 12:11:30', NULL, '18', NULL, '0', ''),
(1507, 23, 31, '2016-07-08 12:11:30', '2016-07-08 12:11:30', NULL, '20', NULL, '0', ''),
(1508, 23, 32, '2016-07-08 12:11:30', '2016-07-08 12:11:30', NULL, '19', NULL, '0', ''),
(1509, 23, 33, '2016-07-08 12:11:30', '2016-07-08 12:11:30', NULL, '18', NULL, '0', ''),
(1510, 23, 34, '2016-07-08 12:11:30', '2016-07-08 12:11:30', NULL, '18', NULL, '0', ''),
(1511, 23, 35, '2016-07-08 12:11:30', '2016-07-08 12:11:30', NULL, '26', NULL, '0', ''),
(1512, 24, 4, '2016-07-08 12:12:00', '2016-07-08 12:12:00', NULL, '60', 28, '62', ''),
(1513, 24, 5, '2016-07-08 12:12:00', '2016-07-08 12:12:00', NULL, '3.5', 27, '3.49', ''),
(1514, 24, 6, '2016-07-08 12:12:00', '2016-07-08 12:12:00', NULL, '21.2', 4, '21.0', ''),
(1515, 24, 7, '2016-07-08 12:12:00', '2016-07-08 12:12:00', NULL, '100.2', 8, '100.6', ''),
(1516, 24, 8, '2016-07-08 12:12:00', '2016-07-08 12:12:00', NULL, '38', 4, '39.8', ''),
(1517, 24, 9, '2016-07-08 12:12:00', '2016-07-08 12:12:00', NULL, '23', 33, '22', ''),
(1518, 24, 10, '2016-07-08 12:12:00', '2016-07-08 12:12:00', NULL, '88.2', 0, '86.4', ''),
(1519, 24, 13, '2016-07-08 12:12:00', '2016-07-08 12:12:00', NULL, '1.2', 14, '1.21', ''),
(1520, 24, 15, '2016-07-08 12:12:00', '2016-07-08 12:12:00', NULL, '8.2', 35, '7.9', ''),
(1521, 24, 16, '2016-07-08 12:12:00', '2016-07-08 12:12:00', NULL, '2.8', 4, '2.8', ''),
(1522, 24, 17, '2016-07-08 12:12:00', '2016-07-08 12:12:00', NULL, '9', 2, '8', ''),
(1523, 24, 18, '2016-07-08 12:12:00', '2016-07-08 12:12:00', NULL, '29.3', 0, '29.1', '交換可能部品の使用率(%)で比較'),
(1524, 24, 19, '2016-07-08 12:12:00', '2016-07-08 12:12:00', NULL, '83.4', 34, '83.4', ''),
(1525, 24, 20, '2016-07-08 12:12:00', '2016-07-08 12:12:00', NULL, '34.5', 39, '34.6', ''),
(1526, 24, 21, '2016-07-08 12:12:00', '2016-07-08 12:12:00', NULL, '53', 34, '49', ''),
(1527, 24, 22, '2016-07-08 12:12:00', '2016-07-08 12:12:00', NULL, '45', 34, '46.5', ''),
(1528, 24, 23, '2016-07-08 12:12:00', '2016-07-08 12:12:00', NULL, '13', NULL, '0', ''),
(1529, 24, 24, '2016-07-08 12:12:00', '2016-07-08 12:12:00', NULL, '65.5', 40, '69', ''),
(1530, 24, 25, '2016-07-08 12:12:00', '2016-07-08 12:12:00', NULL, '2', 30, '3', ''),
(1531, 24, 26, '2016-07-08 12:12:00', '2016-07-08 12:12:00', NULL, '18', NULL, '0', ''),
(1532, 24, 27, '2016-07-08 12:12:00', '2016-07-08 12:12:00', NULL, '25.5', 3, '25.9', ''),
(1533, 24, 28, '2016-07-08 12:12:00', '2016-07-08 12:12:00', NULL, '19', NULL, '0', ''),
(1534, 24, 29, '2016-07-08 12:12:00', '2016-07-08 12:12:00', NULL, '17', NULL, '0', ''),
(1535, 24, 30, '2016-07-08 12:12:00', '2016-07-08 12:12:00', NULL, '18', NULL, '0', ''),
(1536, 24, 32, '2016-07-08 12:12:00', '2016-07-08 12:12:00', NULL, '18', NULL, '0', ''),
(1537, 24, 33, '2016-07-08 12:12:00', '2016-07-08 12:12:00', NULL, '20', NULL, '0', ''),
(1538, 24, 34, '2016-07-08 12:12:00', '2016-07-08 12:12:00', NULL, '17', NULL, '0', ''),
(1539, 24, 35, '2016-07-08 12:12:00', '2016-07-08 12:12:00', NULL, '26', NULL, '0', ''),
(1540, 35, 1, '2016-07-12 05:55:17', '2016-07-12 05:55:17', NULL, '0', 26, '2', ''),
(1541, 35, 2, '2016-07-12 05:55:17', '2016-07-12 05:55:17', NULL, '', 26, '', ''),
(1542, 35, 3, '2016-07-12 05:55:17', '2016-07-12 05:55:17', NULL, '21', NULL, '0', ''),
(1543, 35, 29, '2016-07-12 05:55:17', '2016-07-12 05:55:17', NULL, NULL, NULL, '0', ''),
(1544, 35, 35, '2016-07-12 05:55:17', '2016-07-12 05:55:17', NULL, NULL, NULL, '0', '');

--
-- テーブルのデータのダンプ `fomulas`
--

INSERT INTO `fomulas` (`id`, `company_id`, `created`, `modified`, `deleted`, `fomula_start`, `fomula_end`, `completed`, `operator_name`) VALUES
(13, 16, '2016-06-29 04:15:31', '2016-07-08 06:30:26', NULL, '2016-06-01 00:00:00', '2016-06-06 00:00:00', 1, 'JVMA事務局'),
(14, 16, '2016-07-06 01:21:51', '2016-07-06 01:21:51', '2016-07-06 01:23:17', NULL, NULL, 0, '');

--
-- テーブルのデータのダンプ `fomula_items`
--

INSERT INTO `fomula_items` (`id`, `fomula_id`, `head_id`, `created`, `modified`, `deleted`, `value`, `unit_id`) VALUES
(1032, 14, 1, '2016-07-06 01:21:51', '2016-07-06 01:21:51', 0, '34', NULL),
(1033, 14, 2, '2016-07-06 01:21:52', '2016-07-06 01:21:52', 0, '34', NULL),
(1034, 14, 3, '2016-07-06 01:21:52', '2016-07-06 01:21:52', 0, '7.2', NULL),
(1035, 14, 4, '2016-07-06 01:21:52', '2016-07-06 01:21:52', 0, NULL, NULL),
(1036, 14, 5, '2016-07-06 01:21:52', '2016-07-06 01:21:52', 0, NULL, NULL),
(1037, 14, 8, '2016-07-06 01:21:52', '2016-07-06 01:21:52', 0, NULL, NULL),
(1038, 14, 9, '2016-07-06 01:21:52', '2016-07-06 01:21:52', 0, NULL, NULL),
(1039, 14, 11, '2016-07-06 01:21:52', '2016-07-06 01:21:52', 0, NULL, NULL),
(1040, 14, 12, '2016-07-06 01:21:52', '2016-07-06 01:21:52', 0, NULL, NULL),
(1041, 14, 13, '2016-07-06 01:21:52', '2016-07-06 01:21:52', 0, NULL, NULL),
(1042, 14, 14, '2016-07-06 01:21:52', '2016-07-06 01:21:52', 0, NULL, NULL),
(1043, 14, 15, '2016-07-06 01:21:52', '2016-07-06 01:21:52', 0, NULL, NULL),
(1044, 14, 16, '2016-07-06 01:21:52', '2016-07-06 01:21:52', 0, NULL, NULL),
(1045, 14, 17, '2016-07-06 01:21:52', '2016-07-06 01:21:52', 0, NULL, NULL),
(1063, 13, 1, '2016-07-08 06:30:26', '2016-07-08 06:30:26', 0, '33', NULL),
(1064, 13, 2, '2016-07-08 06:30:26', '2016-07-08 06:30:26', 0, '32', NULL),
(1065, 13, 3, '2016-07-08 06:30:26', '2016-07-08 06:30:26', 0, '3.2', NULL),
(1066, 13, 4, '2016-07-08 06:30:26', '2016-07-08 06:30:26', 0, '34', NULL),
(1067, 13, 5, '2016-07-08 06:30:26', '2016-07-08 06:30:26', 0, '33', NULL),
(1068, 13, 7, '2016-07-08 06:30:26', '2016-07-08 06:30:26', 0, '33', NULL),
(1069, 13, 8, '2016-07-08 06:30:26', '2016-07-08 06:30:26', 0, '34', NULL),
(1070, 13, 9, '2016-07-08 06:30:26', '2016-07-08 06:30:26', 0, '33', NULL),
(1071, 13, 10, '2016-07-08 06:30:26', '2016-07-08 06:30:26', 0, '33', NULL),
(1072, 13, 11, '2016-07-08 06:30:26', '2016-07-08 06:30:26', 0, '34', NULL),
(1073, 13, 12, '2016-07-08 06:30:26', '2016-07-08 06:30:26', 0, '33', NULL),
(1074, 13, 13, '2016-07-08 06:30:26', '2016-07-08 06:30:26', 0, '34', NULL),
(1075, 13, 14, '2016-07-08 06:30:26', '2016-07-08 06:30:26', 0, '32', NULL),
(1076, 13, 15, '2016-07-08 06:30:26', '2016-07-08 06:30:26', 0, '33', NULL),
(1077, 13, 16, '2016-07-08 06:30:26', '2016-07-08 06:30:26', 0, '34', NULL),
(1078, 13, 17, '2016-07-08 06:30:26', '2016-07-08 06:30:26', 0, '34', NULL),
(1079, 13, 18, '2016-07-08 06:30:26', '2016-07-08 06:30:26', 0, '100.5', NULL);

--
-- テーブルのデータのダンプ `login_histories`
--

INSERT INTO `login_histories` (`id`, `created`, `modified`, `result`, `company_id`, `deleted`) VALUES
(11, '2016-06-16 05:26:17', '2016-06-16 05:26:17', 1, 14, NULL),
(12, '2016-06-17 02:48:13', '2016-06-17 02:48:13', 1, 15, NULL),
(13, '2016-06-19 11:37:30', '2016-06-19 11:37:30', 1, 14, NULL),
(14, '2016-06-20 10:22:25', '2016-06-20 10:22:25', 1, 16, NULL),
(15, '2016-06-20 10:27:11', '2016-06-20 10:27:11', 1, 16, NULL),
(16, '2016-06-20 10:47:58', '2016-06-20 10:47:58', 1, 16, NULL),
(17, '2016-06-21 00:01:05', '2016-06-21 00:01:05', 1, 16, NULL),
(18, '2016-06-21 09:48:21', '2016-06-21 09:48:21', 1, 16, NULL),
(19, '2016-06-22 02:52:05', '2016-06-22 02:52:05', 1, 16, NULL),
(20, '2016-06-24 00:08:04', '2016-06-24 00:08:04', 1, 16, NULL),
(21, '2016-06-24 01:55:51', '2016-06-24 01:55:51', 1, 16, NULL),
(22, '2016-06-24 04:30:00', '2016-06-24 04:30:00', 1, 16, NULL),
(23, '2016-06-27 02:57:50', '2016-06-27 02:57:50', 1, 16, NULL),
(24, '2016-06-27 03:14:06', '2016-06-27 03:14:06', 1, 16, NULL),
(25, '2016-06-27 03:58:18', '2016-06-27 03:58:18', 1, 16, NULL),
(26, '2016-06-29 01:52:12', '2016-06-29 01:52:12', 1, 16, NULL),
(27, '2016-06-29 01:54:34', '2016-06-29 01:54:34', 1, 16, NULL),
(28, '2016-06-29 02:03:13', '2016-06-29 02:03:13', 1, 16, NULL),
(29, '2016-06-29 02:20:55', '2016-06-29 02:20:55', 1, 16, NULL),
(30, '2016-06-29 04:00:32', '2016-06-29 04:00:32', 1, 16, NULL),
(31, '2016-06-29 04:08:26', '2016-06-29 04:08:26', 1, 16, NULL),
(32, '2016-06-29 05:10:19', '2016-06-29 05:10:19', 1, 16, NULL),
(33, '2016-06-29 06:27:55', '2016-06-29 06:27:55', 1, 16, NULL),
(34, '2016-06-29 07:43:32', '2016-06-29 07:43:32', 1, 16, NULL),
(35, '2016-06-29 07:52:57', '2016-06-29 07:52:57', 1, 16, NULL),
(36, '2016-06-30 01:34:27', '2016-06-30 01:34:27', 1, 16, NULL),
(37, '2016-06-30 02:39:52', '2016-06-30 02:39:52', 1, 16, NULL),
(38, '2016-06-30 04:12:48', '2016-06-30 04:12:48', 1, 16, NULL),
(39, '2016-06-30 05:56:28', '2016-06-30 05:56:28', 1, 16, NULL),
(40, '2016-06-30 11:25:39', '2016-06-30 11:25:39', 1, 15, NULL),
(41, '2016-07-01 01:24:00', '2016-07-01 01:24:00', 1, 16, NULL),
(42, '2016-07-04 07:04:20', '2016-07-04 07:04:20', 1, 15, NULL),
(43, '2016-07-04 07:44:33', '2016-07-04 07:44:33', 1, 15, NULL),
(44, '2016-07-04 08:24:17', '2016-07-04 08:24:17', 1, 16, NULL),
(45, '2016-07-04 10:35:11', '2016-07-04 10:35:11', 1, 16, NULL),
(46, '2016-07-04 10:38:42', '2016-07-04 10:38:42', 1, 16, NULL),
(47, '2016-07-04 10:44:21', '2016-07-04 10:44:21', 1, 16, NULL),
(48, '2016-07-05 00:55:44', '2016-07-05 00:55:44', 1, 16, NULL),
(49, '2016-07-05 02:58:42', '2016-07-05 02:58:42', 1, 16, NULL),
(50, '2016-07-05 03:47:47', '2016-07-05 03:47:47', 1, 16, NULL),
(51, '2016-07-05 04:33:43', '2016-07-05 04:33:43', 1, 16, NULL),
(52, '2016-07-05 05:15:53', '2016-07-05 05:15:53', 1, 16, NULL),
(53, '2016-07-05 05:17:12', '2016-07-05 05:17:12', 1, 16, NULL),
(54, '2016-07-06 01:14:39', '2016-07-06 01:14:39', 1, 16, NULL),
(55, '2016-07-06 01:21:05', '2016-07-06 01:21:05', 1, 16, NULL),
(56, '2016-07-06 01:25:16', '2016-07-06 01:25:16', 1, 16, NULL),
(57, '2016-07-06 04:40:42', '2016-07-06 04:40:42', 1, 15, NULL),
(58, '2016-07-06 09:06:09', '2016-07-06 09:06:09', 1, 15, NULL),
(59, '2016-07-06 11:31:21', '2016-07-06 11:31:21', 1, 15, NULL),
(60, '2016-07-07 08:03:30', '2016-07-07 08:03:30', 1, 16, NULL),
(61, '2016-07-07 23:49:44', '2016-07-07 23:49:44', 1, 15, NULL),
(62, '2016-07-08 00:44:51', '2016-07-08 00:44:51', 1, 15, NULL),
(63, '2016-07-08 01:12:58', '2016-07-08 01:12:58', 1, 15, NULL),
(64, '2016-07-08 01:47:21', '2016-07-08 01:47:21', 1, 15, NULL),
(65, '2016-07-08 06:06:10', '2016-07-08 06:06:10', 1, 16, NULL),
(66, '2016-07-08 08:45:12', '2016-07-08 08:45:12', 1, 16, NULL),
(67, '2016-07-08 12:09:53', '2016-07-08 12:09:53', 1, 16, NULL),
(68, '2016-07-12 05:52:15', '2016-07-12 05:52:15', 1, 16, NULL);
